,0
0,0.058349609375
1,0.1181640625
2,0.00885009765625
3,0.029052734375
4,0.2578125
5,0.177734375
6,0.1318359375
7,-0.22265625
8,0.055908203125
9,0.0140380859375
10,-0.228515625
11,0.302734375
12,-0.01416015625
13,0.09716796875
14,0.00885009765625
15,-0.0216064453125
16,0.1806640625
17,0.251953125
18,0.014404296875
19,-0.034423828125
20,0.138671875
21,0.0859375
22,0.0869140625
23,0.095703125
24,0.1318359375
25,-0.458984375
26,0.022216796875
27,0.169921875
28,0.296875
29,0.1376953125
30,0.08935546875
31,-0.02783203125
32,-0.03369140625
33,0.09375
34,0.25390625
35,-0.0244140625
36,0.2421875
37,0.03955078125
38,-0.017578125
39,0.06787109375
40,-0.05322265625
41,0.00778198242188
42,-0.11181640625
43,0.1689453125
44,-0.341796875
45,-0.408203125
46,-0.3125
47,0.037841796875
48,0.01220703125
49,0.2890625
50,0.119140625
51,-0.09130859375
52,-0.052001953125
53,0.150390625
54,-0.1376953125
55,0.0859375
56,-0.0109252929688
57,-0.2451171875
58,0.00564575195312
59,0.0654296875
60,0.06396484375
61,-0.271484375
62,-0.048583984375
63,0.032958984375
64,-0.259765625
65,-0.08837890625
66,-0.1279296875
67,0.1748046875
68,0.056640625
69,-0.07763671875
70,-0.0233154296875
71,-0.388671875
72,0.10791015625
73,0.17578125
74,0.027587890625
75,0.00759887695312
76,0.30859375
77,-0.0240478515625
78,0.177734375
79,0.1455078125
80,0.00123596191406
81,-0.1953125
82,0.06787109375
83,0.25
84,0.0625
85,-0.1083984375
86,-0.322265625
87,0.158203125
88,-0.000732421875
89,-0.16796875
90,0.0157470703125
91,-0.10693359375
92,0.09375
93,-0.00193023681641
94,-0.1640625
95,-0.11962890625
96,-0.1630859375
97,0.04541015625
98,-0.255859375
99,-0.1552734375
100,-0.005859375
101,0.15625
102,0.251953125
103,0.2138671875
104,0.10791015625
105,-0.2265625
106,0.1103515625
107,-0.0111694335938
108,0.08642578125
109,-0.09912109375
110,-0.036376953125
111,-0.1611328125
112,-0.193359375
113,0.30078125
114,0.09423828125
115,-0.2255859375
116,-0.1357421875
117,0.0595703125
118,0.2197265625
119,0.035888671875
120,-0.0250244140625
121,0.2080078125
122,-0.140625
123,0.3046875
124,0.02099609375
125,-0.17578125
126,0.166015625
127,-0.12158203125
128,0.263671875
129,-0.06591796875
130,0.486328125
131,0.032470703125
132,-0.10400390625
133,-0.294921875
134,-0.169921875
135,0.076171875
136,-0.107421875
137,1.47819519043e-05
138,0.1318359375
139,0.029296875
140,0.40234375
141,0.08251953125
142,-0.09228515625
143,0.06689453125
144,0.11767578125
145,-0.0174560546875
146,-0.0478515625
147,-0.062255859375
148,-0.0888671875
149,0.061279296875
150,0.0125732421875
151,0.037353515625
152,0.06689453125
153,-0.2236328125
154,-0.11474609375
155,-0.1826171875
156,-0.208984375
157,-0.056396484375
158,-0.361328125
159,-0.0849609375
160,-0.0537109375
161,-0.09619140625
162,0.271484375
163,0.040771484375
164,-0.0732421875
165,-0.1181640625
166,0.2314453125
167,-0.053466796875
168,0.1728515625
169,0.008056640625
170,0.000453948974609
171,-0.08349609375
172,-0.3515625
173,-0.06396484375
174,-0.08935546875
175,-0.0693359375
176,0.23046875
177,0.07177734375
178,0.06787109375
179,0.138671875
180,-0.201171875
181,-0.14453125
182,-0.318359375
183,-0.18359375
184,0.1787109375
185,0.029296875
186,-0.1376953125
187,-0.212890625
188,0.0252685546875
189,-0.3125
190,-0.06982421875
191,-0.04052734375
192,0.244140625
193,0.146484375
194,-0.0111694335938
195,-0.058349609375
196,0.169921875
197,0.10595703125
198,-0.1474609375
199,0.1572265625
200,0.158203125
201,-0.00300598144531
202,-0.1640625
203,-0.2490234375
204,0.1240234375
205,0.034912109375
206,-0.05029296875
207,-0.0673828125
208,-0.07666015625
209,0.2333984375
210,0.0101318359375
211,0.1845703125
212,0.2158203125
213,0.01513671875
214,-0.2265625
215,0.2197265625
216,-0.1416015625
217,-0.087890625
218,-0.018310546875
219,-0.0120849609375
220,-0.026611328125
221,0.11376953125
222,-0.0286865234375
223,0.31640625
224,0.0247802734375
225,-0.1064453125
226,-0.08544921875
227,-0.07763671875
228,-0.0131225585938
229,0.16015625
230,-0.04150390625
231,0.0131225585938
232,-0.1640625
233,0.03369140625
234,0.263671875
235,-0.10498046875
236,-0.25
237,-0.00811767578125
238,0.3125
239,-0.0908203125
240,-0.34375
241,-0.208984375
242,0.02001953125
243,-0.06591796875
244,-0.1337890625
245,0.302734375
246,-0.011962890625
247,-0.10546875
248,0.2890625
249,-0.126953125
250,0.10302734375
251,0.171875
252,-0.1865234375
253,0.111328125
254,0.197265625
255,-0.07421875
256,-0.038818359375
257,0.1923828125
258,0.20703125
259,-0.1103515625
260,-0.2451171875
261,-0.2294921875
262,-0.314453125
263,0.34765625
264,-0.2119140625
265,0.12353515625
266,-0.06884765625
267,-0.12158203125
268,0.09130859375
269,-0.1953125
270,0.2138671875
271,0.1953125
272,0.2236328125
273,0.107421875
274,0.054931640625
275,0.040771484375
276,-0.0052490234375
277,-0.259765625
278,-0.119140625
279,0.1318359375
280,-0.08056640625
281,0.0179443359375
282,0.1181640625
283,0.080078125
284,-0.1796875
285,0.05908203125
286,0.0712890625
287,0.259765625
288,-0.06005859375
289,0.022705078125
290,-0.0286865234375
291,0.00373840332031
292,0.052734375
293,-0.2001953125
294,0.1982421875
295,0.181640625
296,0.25390625
297,-0.1826171875
298,-0.1826171875
299,0.28125
300,0.2177734375
301,0.061767578125
302,0.1435546875
303,-0.41796875
304,0.06201171875
305,0.0074462890625
306,0.1103515625
307,-0.322265625
308,0.03857421875
309,0.142578125
310,-0.24609375
311,-0.1484375
312,-0.130859375
313,0.3359375
314,-0.08447265625
315,0.055419921875
316,-0.034423828125
317,-0.208984375
318,0.1552734375
319,-0.279296875
320,-0.08984375
321,-0.0238037109375
322,0.2412109375
323,-0.26171875
324,-0.08935546875
325,-0.1162109375
326,0.1796875
327,0.0625
328,0.2890625
329,0.03369140625
330,0.330078125
331,-0.1376953125
332,-0.18359375
333,-0.048828125
334,-0.0947265625
335,0.044189453125
336,0.30078125
337,-0.0556640625
338,0.06298828125
339,0.2490234375
340,-0.11474609375
341,0.2021484375
342,0.181640625
343,0.154296875
344,0.0380859375
345,-0.06005859375
346,0.1845703125
347,0.03564453125
348,-0.15625
349,0.294921875
350,0.09130859375
351,-0.099609375
352,0.00527954101562
353,0.1943359375
354,0.134765625
355,0.049560546875
356,0.051025390625
357,-0.11279296875
358,-0.44140625
359,-0.01416015625
360,-0.375
361,0.15625
362,0.06005859375
363,-0.1328125
364,-0.109375
365,-0.0119018554688
366,0.087890625
367,-0.1943359375
368,-0.11669921875
369,-0.00433349609375
370,0.09375
371,0.06494140625
372,0.06494140625
373,0.04638671875
374,-0.0625
375,-0.21484375
376,0.07763671875
377,-0.234375
378,0.05615234375
379,-0.078125
380,0.125
381,-0.287109375
382,0.185546875
383,-0.1240234375
384,0.10302734375
385,-0.1923828125
386,-0.359375
387,0.27734375
388,0.25
389,-0.00247192382812
390,-0.03076171875
391,-0.27734375
392,-0.1826171875
393,0.150390625
394,-0.11181640625
395,0.10986328125
396,0.1826171875
397,0.09326171875
398,-0.1337890625
399,0.07373046875
400,0.21875
401,-0.248046875
402,0.166015625
403,-0.1474609375
404,0.1484375
405,-0.162109375
406,0.30859375
407,0.0136108398438
408,-0.061279296875
409,-0.08935546875
410,-0.1806640625
411,0.146484375
412,0.0242919921875
413,0.044189453125
414,-0.337890625
415,-0.1591796875
416,-0.07763671875
417,-0.055908203125
418,-0.1689453125
419,0.26953125
420,-0.021240234375
421,0.275390625
422,0.09033203125
423,0.12353515625
424,-0.059814453125
425,-0.427734375
426,-0.00631713867188
427,-0.10791015625
428,0.3046875
429,0.1943359375
430,0.061767578125
431,-0.259765625
432,-0.10986328125
433,0.1162109375
434,-0.28515625
435,0.2255859375
436,0.283203125
437,-0.1630859375
438,-0.625
439,-0.1474609375
440,0.05810546875
441,0.3671875
442,-0.2578125
443,-0.09375
444,-0.03369140625
445,0.039794921875
446,-0.134765625
447,0.0167236328125
448,-0.138671875
449,0.10009765625
450,0.31640625
451,-0.046875
452,0.224609375
453,-0.28125
454,0.080078125
455,-0.04296875
456,-0.1591796875
457,0.07275390625
458,0.1484375
459,-0.25390625
460,0.16015625
461,0.06103515625
462,0.1083984375
463,-0.306640625
464,-0.1357421875
465,-0.265625
466,0.39453125
467,-0.255859375
468,-0.06298828125
469,-0.083984375
470,0.031494140625
471,-0.049072265625
472,0.08056640625
473,-0.09228515625
474,-0.251953125
475,0.173828125
476,0.011962890625
477,-0.1279296875
478,-0.08154296875
479,0.06005859375
480,-0.232421875
481,0.1767578125
482,-0.09375
483,-0.29296875
484,0.1982421875
485,-0.091796875
486,0.16015625
487,0.0247802734375
488,0.130859375
489,-0.00506591796875
490,0.0927734375
491,-0.2734375
492,0.037109375
493,0.0849609375
494,-0.1494140625
495,0.1943359375
496,-0.03271484375
497,0.005126953125
498,0.08544921875
499,0.0830078125
500,0.1787109375
501,0.14453125
502,0.224609375
503,-0.0166015625
504,-0.125
505,0.302734375
506,0.052734375
507,-0.11572265625
508,0.20703125
509,-0.236328125
510,-0.068359375
511,-0.00616455078125
512,0.00799560546875
513,0.126953125
514,-0.029541015625
515,-0.125
516,0.0164794921875
517,-0.031982421875
518,-0.3984375
519,-0.06787109375
520,-0.07568359375
521,-0.1513671875
522,0.2451171875
523,-0.05419921875
524,0.322265625
525,-0.0157470703125
526,0.34375
527,0.0869140625
528,0.00376892089844
529,0.1962890625
530,-0.00909423828125
531,-0.26171875
532,0.0859375
533,0.2578125
534,0.2353515625
535,-0.134765625
536,-0.1279296875
537,-0.15234375
538,0.1533203125
539,-0.009033203125
540,-0.0255126953125
541,0.2294921875
542,-0.14453125
543,-0.453125
544,-0.3046875
545,0.173828125
546,-0.169921875
547,-0.36328125
548,0.07861328125
549,-0.000839233398438
550,0.10888671875
551,0.11767578125
552,-0.2177734375
553,-0.06640625
554,0.09228515625
555,0.29296875
556,0.023193359375
557,-0.07080078125
558,-0.1494140625
559,-0.2333984375
560,-0.12890625
561,-0.037353515625
562,-0.2314453125
563,0.23828125
564,-0.2470703125
565,0.11572265625
566,0.0263671875
567,0.0089111328125
568,-0.09423828125
569,-0.059814453125
570,-0.30859375
571,0.06884765625
572,0.019775390625
573,0.10400390625
574,0.06298828125
575,0.038330078125
576,0.158203125
577,0.023193359375
578,-0.08837890625
579,0.291015625
580,-0.072265625
581,-0.012451171875
582,0.045166015625
583,0.2255859375
584,-0.2216796875
585,-0.08837890625
586,-0.224609375
587,0.021728515625
588,0.060546875
589,0.23828125
590,-0.0059814453125
591,-0.193359375
592,0.07861328125
593,0.1318359375
594,-0.11376953125
595,0.0211181640625
596,-0.1865234375
597,-0.1357421875
598,0.02099609375
599,0.1064453125
600,-0.1162109375
601,0.02392578125
602,0.00674438476562
603,-0.38671875
604,0.1826171875
605,0.0703125
606,0.12255859375
607,-0.140625
608,0.0830078125
609,-0.119140625
610,-0.123046875
611,0.115234375
612,0.00860595703125
613,-0.11962890625
614,-0.083984375
615,0.00346374511719
616,0.0625
617,0.203125
618,-0.244140625
619,-0.0089111328125
620,0.17578125
621,0.2255859375
622,0.265625
623,-0.07861328125
624,-0.1357421875
625,-0.1484375
626,0.13671875
627,-0.03466796875
628,-0.052490234375
629,-0.0139770507812
630,0.0048828125
631,-0.2255859375
632,0.0303955078125
633,-0.126953125
634,0.06884765625
635,-0.1572265625
636,0.4296875
637,0.25390625
638,0.09326171875
639,-0.00372314453125
640,-0.2265625
641,0.208984375
642,-0.12890625
643,0.26953125
644,-0.39453125
645,-0.0498046875
646,0.02197265625
647,-0.0751953125
648,-0.1884765625
649,0.050048828125
650,-0.0303955078125
651,-0.2578125
652,-0.0517578125
653,0.09716796875
654,0.171875
655,0.0301513671875
656,-0.11572265625
657,-0.291015625
658,-0.083984375
659,-0.26953125
660,-0.06396484375
661,0.41015625
662,-0.2138671875
663,0.150390625
664,-0.1953125
665,0.0164794921875
666,-0.1513671875
667,0.0908203125
668,-0.03662109375
669,-0.166015625
670,0.34375
671,-0.23046875
672,0.0693359375
673,0.162109375
674,0.103515625
675,0.1279296875
676,0.10595703125
677,-0.2412109375
678,0.17578125
679,-0.0196533203125
680,0.26171875
681,-0.1455078125
682,0.1455078125
683,0.050048828125
684,-0.189453125
685,0.04052734375
686,-0.1337890625
687,0.1298828125
688,0.314453125
689,0.039794921875
690,0.28125
691,0.01123046875
692,-0.06884765625
693,0.1083984375
694,-0.33984375
695,-0.201171875
696,-0.06884765625
697,0.05615234375
698,-0.045166015625
699,-0.046142578125
700,0.11669921875
701,-0.0228271484375
702,-0.045166015625
703,0.019287109375
704,0.259765625
705,0.03271484375
706,-0.0133666992188
707,0.236328125
708,0.07177734375
709,-0.23828125
710,-0.0830078125
711,-0.039306640625
712,-0.1044921875
713,-0.02734375
714,-0.25390625
715,-0.0791015625
716,0.054443359375
717,0.0203857421875
718,-0.083984375
719,0.421875
720,-0.23828125
721,0.1005859375
722,-0.302734375
723,-0.09228515625
724,-0.050537109375
725,0.08544921875
726,0.1005859375
727,-0.291015625
728,0.3203125
729,0.22265625
730,-0.279296875
731,-0.287109375
732,0.162109375
733,0.039306640625
734,-0.142578125
735,-0.0673828125
736,-0.17578125
737,0.11376953125
738,-0.423828125
739,0.06884765625
740,0.1259765625
741,0.45703125
742,-0.080078125
743,-0.0191650390625
744,-0.1484375
745,-0.06640625
746,-0.2314453125
747,0.0859375
748,-0.05078125
749,0.052734375
750,0.24609375
751,0.33984375
752,0.021484375
753,-0.2001953125
754,0.2392578125
755,-0.087890625
756,-0.462890625
757,-0.04833984375
758,-0.0556640625
759,-0.046630859375
760,0.0269775390625
761,-0.0947265625
762,0.00994873046875
763,-0.193359375
764,-0.166015625
765,-0.1484375
766,0.349609375
767,-0.1953125
768,0.08447265625
769,-0.076171875
770,-0.1923828125
771,-0.1845703125
772,-0.0133666992188
773,-0.033203125
774,0.09765625
775,-0.318359375
776,0.22265625
777,-0.0654296875
778,-0.1416015625
779,-0.0576171875
780,0.11962890625
781,-0.2275390625
782,-0.29296875
783,-0.0634765625
784,0.169921875
785,-0.00540161132812
786,-0.04736328125
787,0.09716796875
788,-0.125
789,-0.12255859375
790,0.08642578125
791,-0.1640625
792,-0.1396484375
793,0.458984375
794,0.375
795,-0.056396484375
796,-0.0693359375
797,-0.02685546875
798,0.12060546875
799,0.1728515625
800,0.2392578125
801,0.06982421875
802,0.039794921875
803,0.08056640625
804,-0.0859375
805,0.298828125
806,0.04345703125
807,0.16015625
808,0.1630859375
809,0.10302734375
810,0.2294921875
811,0.024658203125
812,-0.134765625
813,0.044677734375
814,-0.1357421875
815,0.1640625
816,-0.041748046875
817,0.046630859375
818,-0.314453125
819,-0.1943359375
820,-0.0042724609375
821,0.08251953125
822,0.008544921875
823,0.22265625
824,-0.03857421875
825,-0.059326171875
826,0.130859375
827,0.181640625
828,0.1640625
829,0.1298828125
830,-0.138671875
831,0.1435546875
832,-0.2451171875
833,0.11767578125
834,-0.07763671875
835,-0.04345703125
836,0.2490234375
837,-0.10205078125
838,-0.1533203125
839,-0.1044921875
840,-0.00933837890625
841,-0.23828125
842,-0.08984375
843,-0.3984375
844,-0.0908203125
845,0.43359375
846,-0.06689453125
847,-0.043212890625
848,0.28515625
849,-0.1279296875
850,0.42578125
851,-0.138671875
852,-0.0069580078125
853,-0.333984375
854,-0.2236328125
855,-0.2255859375
856,0.024658203125
857,-0.0191650390625
858,-0.13671875
859,-0.34765625
860,0.00386047363281
861,0.162109375
862,-0.4609375
863,0.150390625
864,0.0238037109375
865,0.10302734375
866,-0.037353515625
867,-0.08984375
868,0.07421875
869,-0.201171875
870,0.177734375
871,0.1474609375
872,0.08642578125
873,0.07861328125
874,-0.2890625
875,-0.1787109375
876,-0.2275390625
877,-0.095703125
878,-0.1630859375
879,-0.05712890625
880,0.076171875
881,0.314453125
882,0.00179290771484
883,0.439453125
884,0.04296875
885,-0.0296630859375
886,0.054443359375
887,0.10205078125
888,0.05859375
889,0.1787109375
890,0.16015625
891,0.11279296875
892,-0.0100708007812
893,0.06005859375
894,0.09912109375
895,0.279296875
896,0.16015625
897,-0.30078125
898,-0.055908203125
899,0.24609375
900,0.00334167480469
901,-0.1044921875
902,-0.07470703125
903,0.0791015625
904,0.08447265625
905,-0.1298828125
906,0.11328125
907,0.220703125
908,0.1962890625
909,0.029296875
910,0.275390625
911,-0.033447265625
912,0.0245361328125
913,0.134765625
914,-0.11767578125
915,0.1533203125
916,0.0234375
917,-0.08740234375
918,-0.1279296875
919,0.1015625
920,0.052978515625
921,-0.06591796875
922,0.0634765625
923,0.11376953125
924,0.2314453125
925,-0.267578125
926,-0.390625
927,0.1728515625
928,-0.038330078125
929,0.205078125
930,-0.07568359375
931,-0.251953125
932,0.05029296875
933,0.27734375
934,-0.150390625
935,0.23828125
936,0.25390625
937,-0.040771484375
938,-0.1650390625
939,0.0712890625
940,-0.2333984375
941,0.259765625
942,0.1259765625
943,-0.09814453125
944,0.025390625
945,-0.1611328125
946,0.236328125
947,-0.031982421875
948,-0.1796875
949,0.30078125
950,-0.0206298828125
951,-0.171875
952,-0.220703125
953,-0.17578125
954,-0.1005859375
955,-0.03955078125
956,-0.15625
957,0.0213623046875
958,-0.01904296875
959,-0.263671875
960,-0.03857421875
961,0.10888671875
962,-0.08837890625
963,-0.083984375
964,-0.08154296875
965,0.00302124023438
966,-0.00778198242188
967,-0.08642578125
968,-0.119140625
969,-0.1337890625
970,0.169921875
971,-0.154296875
972,-0.08056640625
973,0.05224609375
974,-0.1259765625
975,0.009521484375
976,0.125
977,-0.04931640625
978,0.27734375
979,-0.2578125
980,-0.00119781494141
981,-0.341796875
982,-0.13671875
983,-0.2255859375
984,0.005126953125
985,-0.048583984375
986,-0.05908203125
987,0.43359375
988,0.0114135742188
989,-0.126953125
990,0.21875
991,-0.2490234375
992,-0.09521484375
993,0.107421875
994,0.31640625
995,0.0419921875
996,0.00787353515625
997,-0.00138854980469
998,-0.03759765625
999,0.049560546875
1000,-0.0830078125
1001,-0.37890625
1002,0.08544921875
1003,-0.08447265625
1004,0.062255859375
1005,-0.1279296875
1006,0.04638671875
1007,0.353515625
1008,-0.042236328125
1009,-0.10986328125
1010,-0.306640625
1011,0.00334167480469
1012,-0.236328125
1013,-0.154296875
1014,-0.109375
1015,-0.09326171875
1016,0.134765625
1017,-0.2490234375
1018,0.029296875
1019,0.2021484375
1020,0.236328125
1021,0.1259765625
1022,-0.310546875
1023,-0.038330078125
1024,-0.24609375
1025,-0.26953125
1026,-0.1142578125
1027,-0.271484375
1028,0.06591796875
1029,-0.06591796875
1030,-0.07568359375
1031,0.068359375
1032,-0.146484375
1033,0.0595703125
1034,-0.173828125
1035,-0.16796875
1036,-0.03759765625
1037,0.09765625
1038,0.032470703125
1039,0.04052734375
1040,0.1279296875
1041,0.232421875
1042,-0.0673828125
1043,0.12060546875
1044,-0.2138671875
1045,0.150390625
1046,-0.27734375
1047,0.267578125
1048,-0.1279296875
1049,-0.103515625
1050,0.35546875
1051,-0.027099609375
1052,0.10498046875
1053,-0.10302734375
1054,-0.1494140625
1055,0.0250244140625
1056,-0.142578125
1057,-0.10107421875
1058,-0.091796875
1059,0.173828125
1060,-0.017822265625
1061,-0.0289306640625
1062,0.2041015625
1063,0.1025390625
1064,-0.23046875
1065,0.0284423828125
1066,0.333984375
1067,0.00848388671875
1068,0.3203125
1069,0.09033203125
1070,0.193359375
1071,0.0859375
1072,-0.0615234375
1073,-0.193359375
1074,-0.2734375
1075,-0.1728515625
1076,0.287109375
1077,0.021728515625
1078,-0.047119140625
1079,-0.251953125
1080,0.234375
1081,0.28515625
1082,-0.25390625
1083,-0.421875
1084,0.09814453125
1085,0.0220947265625
1086,0.1875
1087,0.09716796875
1088,-0.03271484375
1089,-0.11572265625
1090,-0.020263671875
1091,0.1533203125
1092,-0.25390625
1093,0.08349609375
1094,0.0830078125
1095,-0.0191650390625
1096,-0.408203125
1097,-0.0145874023438
1098,-0.02685546875
1099,-0.173828125
1100,0.08056640625
1101,0.10400390625
1102,-0.0634765625
1103,-0.0673828125
1104,0.18359375
1105,-0.138671875
1106,-0.0131225585938
1107,0.1728515625
1108,-0.1435546875
1109,-0.12890625
1110,0.103515625
1111,-0.1806640625
1112,-0.0147705078125
1113,-0.0218505859375
1114,-0.08251953125
1115,0.28515625
1116,0.078125
1117,-0.126953125
1118,-0.2294921875
1119,-0.09228515625
1120,-0.12353515625
1121,0.302734375
1122,0.166015625
1123,-0.0162353515625
1124,0.064453125
1125,0.0189208984375
1126,0.31640625
1127,0.03466796875
1128,-0.08154296875
1129,-0.11572265625
1130,-0.134765625
1131,-0.041015625
1132,-0.1015625
1133,-0.259765625
1134,-0.298828125
1135,0.150390625
1136,-0.25390625
1137,0.30859375
1138,0.109375
1139,-0.0301513671875
1140,0.0242919921875
1141,-0.341796875
1142,-0.26953125
1143,-0.36328125
1144,0.220703125
1145,0.26171875
1146,-0.2021484375
1147,-0.00191497802734
1148,0.33203125
1149,-0.138671875
1150,0.1767578125
1151,-0.1455078125
1152,-0.302734375
1153,-0.419921875
1154,0.095703125
1155,-0.1162109375
1156,-0.038818359375
1157,0.017578125
1158,0.1435546875
1159,0.166015625
1160,-0.220703125
1161,-0.34375
1162,-0.18359375
1163,-0.318359375
1164,0.26171875
1165,0.443359375
1166,0.06396484375
1167,0.031494140625
1168,-0.2197265625
1169,-0.224609375
1170,-0.140625
1171,0.224609375
1172,0.08349609375
1173,0.490234375
1174,-0.046630859375
1175,0.1376953125
1176,-0.27734375
1177,-0.2255859375
1178,0.1298828125
1179,0.09912109375
1180,0.005615234375
1181,0.00357055664062
1182,0.10693359375
1183,0.068359375
1184,-0.1123046875
1185,0.036376953125
1186,0.1318359375
1187,-0.0206298828125
1188,0.11181640625
1189,0.140625
1190,0.00762939453125
1191,0.162109375
1192,-0.0119018554688
1193,-0.193359375
1194,-0.00421142578125
1195,0.1533203125
1196,0.00656127929688
1197,-0.423828125
1198,0.07666015625
1199,0.11669921875
1200,-0.08349609375
1201,0.017822265625
1202,0.044921875
1203,0.09716796875
1204,0.33203125
1205,-0.02880859375
1206,-0.12255859375
1207,0.09619140625
1208,0.10009765625
1209,0.0625
1210,0.29296875
1211,-0.125
1212,0.048828125
1213,-0.0201416015625
1214,-0.21875
1215,0.380859375
1216,0.2890625
1217,-0.1044921875
1218,-0.1650390625
1219,-0.0849609375
1220,0.287109375
1221,0.031494140625
1222,0.0400390625
1223,0.042236328125
1224,0.384765625
1225,-0.1630859375
1226,-0.048095703125
1227,0.0142211914062
1228,-0.06298828125
1229,0.11181640625
1230,0.107421875
1231,0.044921875
1232,-0.044921875
1233,0.296875
1234,0.14453125
1235,0.06396484375
1236,0.21875
1237,0.099609375
1238,-0.1611328125
1239,0.11376953125
1240,-0.33203125
1241,-0.10595703125
1242,0.2333984375
1243,0.109375
1244,0.07177734375
1245,-0.091796875
1246,-0.022216796875
1247,-0.037109375
1248,-0.25
1249,0.35546875
1250,0.044921875
1251,-0.08935546875
1252,-0.1943359375
1253,0.07763671875
1254,-0.2080078125
1255,-0.04443359375
1256,-0.12109375
1257,-0.07421875
1258,-0.263671875
1259,-0.0086669921875
1260,0.1572265625
1261,-0.10595703125
1262,0.0595703125
1263,0.004638671875
1264,-0.12255859375
1265,-0.07763671875
1266,0.267578125
1267,0.25390625
1268,0.205078125
1269,-0.345703125
1270,0.169921875
1271,-0.0908203125
1272,0.020751953125
1273,0.1708984375
1274,-0.00546264648438
1275,0.1796875
1276,0.01904296875
1277,-0.146484375
1278,0.4140625
1279,-0.06494140625
1280,0.10205078125
1281,-0.025146484375
1282,-0.09326171875
1283,-0.0087890625
1284,0.0238037109375
1285,-0.310546875
1286,-0.1513671875
1287,0.328125
1288,0.08447265625
1289,-0.015869140625
1290,0.14453125
1291,0.024169921875
1292,-0.07763671875
1293,0.04931640625
1294,0.244140625
1295,0.00379943847656
1296,0.0064697265625
1297,-0.060791015625
1298,-0.08203125
1299,-0.1826171875
1300,-0.02197265625
1301,-0.0159912109375
1302,0.169921875
1303,-0.1142578125
1304,0.0162353515625
1305,-0.1669921875
1306,-0.2109375
1307,-0.0142211914062
1308,0.024658203125
1309,-0.169921875
1310,-0.10986328125
1311,-0.04052734375
1312,-0.1259765625
1313,-0.03515625
1314,0.146484375
1315,-0.1171875
1316,-0.2138671875
1317,-0.17578125
1318,0.302734375
1319,-0.07666015625
1320,0.2216796875
1321,0.248046875
1322,-0.447265625
1323,-0.1044921875
1324,0.06494140625
1325,-0.08251953125
1326,-0.0110473632812
1327,-0.287109375
1328,0.26171875
1329,-0.28125
1330,0.1796875
1331,0.0130615234375
1332,-0.212890625
1333,0.01123046875
1334,-0.00823974609375
1335,0.0144653320312
1336,-0.0224609375
1337,-0.11083984375
1338,0.09912109375
1339,0.0132446289062
1340,0.248046875
1341,-0.062255859375
1342,-0.1611328125
1343,0.1591796875
1344,-0.138671875
1345,-0.015625
1346,-0.185546875
1347,-0.10302734375
1348,-0.04833984375
1349,-0.060791015625
1350,0.0732421875
1351,0.055908203125
1352,-0.040283203125
1353,-0.29296875
1354,-0.3046875
1355,0.2578125
1356,0.1318359375
1357,-0.09912109375
1358,0.037841796875
1359,0.09716796875
1360,-0.1806640625
1361,-0.025634765625
1362,0.298828125
1363,-0.109375
1364,0.04638671875
1365,0.04150390625
1366,0.40625
1367,-0.1552734375
1368,0.275390625
1369,0.1337890625
1370,-0.08154296875
1371,-0.15625
1372,-0.3515625
1373,0.0269775390625
1374,-0.0208740234375
1375,-0.275390625
1376,-0.07861328125
1377,0.2314453125
1378,-0.228515625
1379,-0.044921875
1380,-0.134765625
1381,0.1455078125
1382,-0.17578125
1383,-0.287109375
1384,0.0108642578125
1385,0.000717163085938
1386,-0.197265625
1387,-0.224609375
1388,-0.0167236328125
1389,-0.030029296875
1390,-0.06689453125
1391,0.1904296875
1392,-0.0189208984375
1393,0.091796875
1394,-0.09814453125
1395,0.0693359375
1396,-0.2021484375
1397,-0.1630859375
1398,-0.1591796875
1399,-0.051025390625
1400,-0.1953125
1401,0.197265625
1402,0.00830078125
1403,-0.0240478515625
1404,0.09619140625
1405,-0.0869140625
1406,-0.1455078125
1407,0.1123046875
1408,-0.078125
1409,0.0272216796875
1410,-0.166015625
1411,0.0869140625
1412,0.130859375
1413,-0.1220703125
1414,-0.03173828125
1415,0.1962890625
1416,-0.078125
1417,-0.162109375
1418,-0.047119140625
1419,-0.2314453125
1420,0.2314453125
1421,0.03955078125
1422,0.00759887695312
1423,0.2001953125
1424,0.09619140625
1425,-0.1865234375
1426,0.20703125
1427,0.0131225585938
1428,-0.09912109375
1429,0.119140625
1430,-0.07958984375
1431,-0.177734375
1432,-0.41796875
1433,-0.158203125
1434,0.038818359375
1435,-0.1259765625
1436,-0.1923828125
1437,0.042724609375
1438,0.2197265625
1439,-0.0654296875
1440,-0.00872802734375
1441,-0.1953125
1442,0.142578125
1443,-0.384765625
1444,-0.275390625
1445,0.08544921875
1446,-0.2138671875
1447,0.1279296875
1448,0.38671875
1449,-0.068359375
1450,-0.005126953125
1451,-0.059326171875
1452,-0.0927734375
1453,-0.02490234375
1454,0.314453125
1455,-0.0208740234375
1456,0.07080078125
1457,0.21875
1458,0.150390625
1459,-0.045654296875
1460,-0.212890625
1461,-0.10693359375
1462,-0.345703125
1463,-0.24609375
1464,0.294921875
1465,0.115234375
1466,-0.0299072265625
1467,-0.0130615234375
1468,0.0245361328125
1469,-0.099609375
1470,0.158203125
1471,0.322265625
1472,-0.0131225585938
1473,-0.00355529785156
1474,0.00576782226562
1475,-0.08154296875
1476,-0.2431640625
1477,-0.13671875
1478,-0.10302734375
1479,-0.09423828125
1480,0.25390625
1481,-0.06396484375
1482,0.0067138671875
1483,0.1884765625
1484,-0.09619140625
1485,-0.09716796875
1486,0.06787109375
1487,0.1298828125
1488,0.25390625
1489,0.2265625
1490,0.053466796875
1491,0.028076171875
1492,0.012939453125
1493,-0.08984375
1494,-0.0137329101562
1495,0.158203125
1496,0.1982421875
1497,-0.091796875
1498,0.1591796875
1499,0.01904296875
1500,-0.0308837890625
1501,0.00212097167969
1502,-0.0284423828125
1503,-0.0986328125
1504,0.091796875
1505,0.189453125
1506,-0.189453125
1507,-0.00299072265625
1508,0.1669921875
1509,-0.1650390625
1510,0.328125
1511,0.00616455078125
1512,-0.032470703125
1513,0.08349609375
1514,-0.30859375
1515,0.365234375
1516,0.384765625
1517,0.12890625
1518,-0.1416015625
1519,0.035888671875
1520,0.1591796875
1521,0.1435546875
1522,0.107421875
1523,0.0093994140625
1524,0.1806640625
1525,-0.08251953125
1526,-0.287109375
1527,-0.00628662109375
1528,-0.2314453125
1529,-0.0537109375
1530,0.1181640625
1531,0.000640869140625
1532,-0.0654296875
1533,0.125
1534,0.33984375
1535,0.2041015625
1536,0.197265625
1537,0.447265625
1538,-0.1318359375
1539,-0.240234375
1540,-0.020263671875
1541,0.064453125
1542,0.1162109375
1543,0.043701171875
1544,-0.166015625
1545,-0.041748046875
1546,-0.2890625
1547,-0.00946044921875
1548,-0.031005859375
1549,0.197265625
1550,0.2158203125
1551,0.0400390625
1552,-0.08203125
1553,-0.057373046875
1554,-0.06005859375
1555,0.23046875
1556,-0.03564453125
1557,-0.2333984375
1558,-0.3515625
1559,-0.3046875
1560,0.06494140625
1561,-0.049072265625
1562,-0.059326171875
1563,0.296875
1564,0.080078125
1565,0.119140625
1566,0.32421875
1567,0.0517578125
1568,0.2294921875
1569,-0.10009765625
1570,0.28515625
1571,-0.02294921875
1572,0.03857421875
1573,0.0110473632812
1574,-0.357421875
1575,0.042724609375
1576,0.01953125
1577,0.10546875
1578,0.1552734375
1579,-0.16015625
1580,0.3046875
1581,0.216796875
1582,-0.3515625
1583,0.05810546875
1584,0.1162109375
1585,-0.28515625
1586,-0.1474609375
1587,0.14453125
1588,0.1337890625
1589,-0.244140625
1590,0.375
1591,-0.22265625
1592,-0.376953125
1593,0.053955078125
1594,0.12353515625
1595,-0.271484375
1596,0.181640625
1597,0.12353515625
1598,-0.04052734375
1599,-0.302734375
1600,-0.0751953125
1601,-0.00147247314453
1602,-0.169921875
1603,-0.06494140625
1604,0.365234375
1605,0.04443359375
1606,-0.03857421875
1607,-0.029296875
1608,0.09619140625
1609,-0.1083984375
1610,0.00389099121094
1611,-0.07861328125
1612,-0.1845703125
1613,0.11474609375
1614,-0.1142578125
1615,-0.220703125
1616,-0.158203125
1617,-0.0269775390625
1618,0.203125
1619,0.150390625
1620,0.130859375
1621,0.041259765625
1622,-0.03515625
1623,-0.1484375
1624,0.185546875
1625,-0.09912109375
1626,-0.03173828125
1627,-0.322265625
1628,0.416015625
1629,-0.2041015625
1630,0.234375
1631,-0.333984375
1632,-0.1904296875
1633,-0.224609375
1634,-0.08837890625
1635,-0.279296875
1636,0.2158203125
1637,0.134765625
1638,0.10888671875
1639,0.033203125
1640,0.28125
1641,0.00637817382812
1642,-0.076171875
1643,0.177734375
1644,-0.054443359375
1645,0.1904296875
1646,-0.181640625
1647,0.18359375
1648,0.000308990478516
1649,-0.0155639648438
1650,0.341796875
1651,0.01904296875
1652,0.0576171875
1653,-0.16796875
1654,-0.078125
1655,0.1416015625
1656,0.294921875
1657,-0.03515625
1658,-0.00631713867188
1659,0.050537109375
1660,-0.1640625
1661,-0.076171875
1662,0.392578125
1663,0.1669921875
1664,0.1474609375
1665,0.23828125
1666,0.142578125
1667,-0.2578125
1668,0.287109375
1669,0.1943359375
1670,0.19140625
1671,0.28125
1672,-0.053955078125
1673,0.0301513671875
1674,0.0201416015625
1675,-0.185546875
1676,0.1875
1677,0.2421875
1678,-0.109375
1679,-0.043701171875
1680,0.1435546875
1681,0.09716796875
1682,-0.427734375
1683,-0.23828125
1684,-0.0216064453125
1685,-0.0595703125
1686,0.0859375
1687,0.142578125
1688,0.03515625
1689,0.00970458984375
1690,-0.04541015625
1691,-0.068359375
1692,-0.25
1693,0.30078125
1694,0.11083984375
1695,0.19140625
1696,-0.46484375
1697,0.0211181640625
1698,-0.0218505859375
1699,0.33984375
1700,-0.09912109375
1701,0.09814453125
1702,0.1943359375
1703,-0.04443359375
1704,0.125
1705,0.10791015625
1706,-0.2294921875
1707,0.1044921875
1708,-0.032470703125
1709,-0.1220703125
1710,-0.10791015625
1711,-0.11376953125
1712,0.1611328125
1713,0.057861328125
1714,0.07568359375
1715,0.330078125
1716,-0.244140625
1717,-0.10791015625
1718,0.052978515625
1719,-0.0888671875
1720,-0.1796875
1721,-0.0252685546875
1722,-0.0546875
1723,0.224609375
1724,0.04638671875
1725,0.01171875
1726,0.1884765625
1727,0.1640625
1728,-0.2373046875
1729,0.140625
1730,0.193359375
1731,-0.04443359375
1732,-0.50390625
1733,-0.1923828125
1734,-0.146484375
1735,-0.125
1736,0.0291748046875
1737,-0.08349609375
1738,-0.12451171875
1739,-0.208984375
1740,-0.099609375
1741,-0.423828125
1742,-0.1953125
1743,-0.0439453125
1744,0.08203125
1745,0.126953125
1746,-0.345703125
1747,0.021484375
1748,0.23828125
1749,-0.06640625
1750,0.0703125
1751,-0.1376953125
1752,0.10986328125
1753,-0.053955078125
1754,0.162109375
1755,0.05615234375
1756,-0.1982421875
1757,-0.1162109375
1758,-0.0888671875
1759,-0.27734375
1760,-0.2041015625
1761,-0.1748046875
1762,0.07080078125
1763,-0.1689453125
1764,0.12109375
1765,0.275390625
1766,0.0703125
1767,0.0322265625
1768,0.000251770019531
1769,0.0186767578125
1770,0.2314453125
1771,0.021728515625
1772,0.259765625
1773,-0.0147705078125
1774,-0.0145263671875
1775,-0.1533203125
1776,-0.19140625
1777,0.20703125
1778,0.21484375
1779,0.146484375
1780,0.1201171875
1781,-0.095703125
1782,0.040771484375
1783,0.25
1784,-0.0245361328125
1785,0.240234375
1786,-0.0123901367188
1787,0.255859375
1788,0.0245361328125
1789,0.283203125
1790,0.07373046875
1791,-0.111328125
1792,-0.0830078125
1793,-0.103515625
1794,-0.044921875
1795,0.07470703125
1796,0.0615234375
1797,-0.462890625
1798,0.1689453125
1799,0.045654296875
1800,0.35546875
1801,0.30859375
1802,-0.328125
1803,-0.27734375
1804,0.021240234375
1805,0.0303955078125
1806,0.193359375
1807,-0.1025390625
1808,0.033203125
1809,0.1044921875
1810,0.0361328125
1811,0.04296875
1812,-0.2158203125
1813,0.130859375
1814,-0.37890625
1815,-0.0311279296875
1816,-0.02099609375
1817,-0.00189208984375
1818,0.06494140625
1819,-0.06591796875
1820,-0.05322265625
1821,-0.3203125
1822,0.072265625
1823,-0.0537109375
1824,-0.049560546875
1825,-0.0869140625
1826,-0.0135498046875
1827,-0.0478515625
1828,0.1220703125
1829,-0.09228515625
1830,0.1220703125
1831,-0.248046875
1832,0.03857421875
1833,-0.056396484375
1834,0.154296875
1835,-0.35546875
1836,-0.26953125
1837,-0.043212890625
1838,0.0908203125
1839,0.18359375
1840,0.061279296875
1841,-0.083984375
1842,-0.1279296875
1843,-0.1630859375
1844,0.083984375
1845,-0.0250244140625
1846,-0.06640625
1847,0.10986328125
1848,-0.33984375
1849,0.06689453125
1850,-0.177734375
1851,0.0126342773438
1852,-0.08203125
1853,0.134765625
1854,0.1220703125
1855,0.1943359375
1856,-0.23828125
1857,-0.134765625
1858,0.0169677734375
1859,0.09326171875
1860,0.1884765625
1861,0.1875
1862,0.047607421875
1863,0.078125
1864,0.04443359375
1865,-0.0947265625
1866,-0.408203125
1867,-0.154296875
1868,-0.07373046875
1869,-0.0791015625
1870,0.10595703125
1871,0.2333984375
1872,0.353515625
1873,-0.2265625
1874,-0.240234375
1875,0.0274658203125
1876,0.10205078125
1877,-0.03125
1878,0.1513671875
1879,-0.267578125
1880,0.42578125
1881,-0.451171875
1882,0.298828125
1883,-0.1396484375
1884,0.0277099609375
1885,-0.412109375
1886,-0.263671875
1887,0.265625
1888,0.1376953125
1889,0.1181640625
1890,-0.064453125
1891,-0.06396484375
1892,-0.087890625
1893,-0.0294189453125
1894,-0.12158203125
1895,-0.330078125
1896,0.09228515625
1897,-0.1279296875
1898,-0.052978515625
1899,0.16796875
1900,0.1435546875
1901,-0.08837890625
1902,0.12451171875
1903,-0.03759765625
1904,0.2314453125
1905,-0.022705078125
1906,0.1103515625
1907,0.1875
1908,0.07666015625
1909,-0.1533203125
1910,0.140625
1911,0.07177734375
1912,0.0908203125
1913,0.08154296875
1914,0.01708984375
1915,0.240234375
1916,0.28125
1917,-0.033447265625
1918,-0.00753784179688
1919,0.373046875
1920,0.169921875
1921,0.30078125
1922,-0.11669921875
1923,-0.023193359375
1924,0.10791015625
1925,-0.45703125
1926,0.388671875
1927,0.1279296875
1928,0.298828125
1929,0.154296875
1930,-0.1572265625
1931,-0.057861328125
1932,-0.27734375
1933,0.07470703125
1934,-0.28515625
1935,0.134765625
1936,0.06298828125
1937,-0.10205078125
1938,-0.44921875
1939,0.37109375
1940,0.0101928710938
1941,0.03564453125
1942,-0.2578125
1943,0.1298828125
1944,-0.33203125
1945,0.171875
1946,-0.265625
1947,0.07861328125
1948,-0.283203125
1949,-0.0169677734375
1950,0.4296875
1951,-0.171875
1952,0.27734375
1953,0.224609375
1954,-0.2158203125
1955,0.1171875
1956,-0.12158203125
1957,0.267578125
1958,0.039306640625
1959,-0.2041015625
1960,0.0191650390625
1961,-0.00349426269531
1962,-0.14453125
1963,-0.232421875
1964,-0.265625
1965,0.1650390625
1966,0.0966796875
1967,-0.2275390625
1968,-0.07421875
1969,0.17578125
1970,-0.07470703125
1971,0.171875
1972,0.00762939453125
1973,-0.00970458984375
1974,-0.1357421875
1975,0.0174560546875
1976,0.07373046875
1977,-0.1767578125
1978,0.125
1979,0.1669921875
1980,0.109375
1981,0.32421875
1982,-0.298828125
1983,-0.302734375
1984,-0.2265625
1985,-0.11669921875
1986,-0.04296875
1987,0.146484375
1988,-0.193359375
1989,0.314453125
1990,-0.193359375
1991,-0.267578125
1992,-0.0703125
1993,-0.10595703125
1994,-0.3515625
1995,-0.00747680664062
1996,0.150390625
1997,-0.2265625
1998,0.212890625
1999,-0.04345703125
2000,0.0255126953125
2001,-0.17578125
2002,0.1572265625
2003,0.04345703125
2004,-0.142578125
2005,0.447265625
2006,-0.07177734375
2007,-0.0252685546875
2008,-0.0927734375
2009,-0.0830078125
2010,0.373046875
2011,0.2890625
2012,0.142578125
2013,0.1201171875
2014,-0.024169921875
2015,0.431640625
2016,-0.06689453125
2017,-0.29296875
2018,-0.66796875
2019,0.0162353515625
2020,-0.11279296875
2021,-0.1787109375
2022,0.076171875
2023,0.10009765625
2024,-0.20703125
2025,-0.185546875
2026,-0.00909423828125
2027,-0.1591796875
2028,0.031982421875
2029,-0.1025390625
2030,0.07666015625
2031,0.045654296875
2032,-0.1806640625
2033,0.030029296875
2034,0.00836181640625
2035,-0.36328125
2036,0.470703125
2037,-0.140625
2038,0.2470703125
2039,-0.169921875
2040,0.41015625
2041,0.0693359375
2042,0.03515625
2043,-0.1494140625
2044,-0.279296875
2045,0.4375
2046,-0.142578125
2047,-0.43359375
2048,0.1396484375
2049,-0.53515625
2050,0.294921875
2051,0.349609375
2052,-0.0888671875
2053,-0.23828125
2054,0.10009765625
2055,0.306640625
2056,0.419921875
2057,0.142578125
2058,0.021484375
2059,-0.09130859375
2060,-0.08447265625
2061,-0.2197265625
2062,-0.0269775390625
2063,-0.01904296875
2064,-0.158203125
2065,0.035888671875
2066,-0.216796875
2067,0.197265625
2068,-0.220703125
2069,0.1533203125
2070,-0.2421875
2071,-0.014892578125
2072,-0.0537109375
2073,0.1787109375
2074,-0.25390625
2075,0.1953125
2076,0.275390625
2077,-0.0810546875
2078,-0.138671875
2079,0.271484375
2080,-0.1328125
2081,0.1318359375
2082,0.1923828125
2083,0.203125
2084,0.0179443359375
2085,-0.158203125
2086,0.1533203125
2087,-0.25
2088,-0.25
2089,0.1474609375
2090,0.06640625
2091,-0.000965118408203
2092,-0.000621795654297
2093,0.2353515625
2094,0.2158203125
2095,-0.054931640625
2096,-0.1591796875
2097,-0.265625
2098,0.1396484375
2099,-0.39453125
2100,0.283203125
2101,-0.00787353515625
2102,0.056396484375
2103,0.1845703125
2104,0.09814453125
2105,0.0751953125
2106,0.216796875
2107,-0.23828125
2108,0.3203125
2109,0.0771484375
2110,0.078125
2111,0.0109252929688
2112,0.0125732421875
2113,-0.029296875
2114,-0.400390625
2115,-0.12353515625
2116,0.09423828125
2117,0.357421875
2118,-0.3203125
2119,-0.10693359375
2120,-0.40625
2121,0.345703125
2122,0.2578125
2123,0.0751953125
2124,-0.1640625
2125,-0.1943359375
2126,0.177734375
2127,-0.0869140625
2128,0.1650390625
2129,0.2734375
2130,0.1748046875
2131,0.12890625
2132,0.15625
2133,0.1982421875
2134,0.10888671875
2135,0.09716796875
2136,-0.0100708007812
2137,-0.09326171875
2138,0.123046875
2139,-0.248046875
2140,0.1806640625
2141,0.00750732421875
2142,-0.0712890625
2143,-0.044189453125
2144,0.0145263671875
2145,0.10888671875
2146,-0.115234375
2147,0.154296875
2148,0.4921875
2149,0.423828125
2150,-0.0556640625
2151,0.1259765625
2152,0.169921875
2153,0.0390625
2154,0.31640625
2155,0.2109375
2156,-0.158203125
2157,-0.37890625
2158,0.0791015625
2159,-0.25390625
2160,0.064453125
2161,-0.00982666015625
2162,-0.0157470703125
2163,-0.29296875
2164,-0.33984375
2165,0.419921875
2166,0.0830078125
2167,-0.1650390625
2168,-0.1474609375
2169,0.0289306640625
2170,-0.1865234375
2171,-0.0625
2172,0.11474609375
2173,-0.1982421875
2174,-0.279296875
2175,0.123046875
2176,0.361328125
2177,0.0162353515625
2178,0.1689453125
2179,0.1552734375
2180,0.1416015625
2181,-0.23828125
2182,-0.248046875
2183,-0.1962890625
2184,-0.041748046875
2185,-0.10986328125
2186,0.15234375
2187,0.00958251953125
2188,-0.2451171875
2189,-0.0135498046875
2190,-0.2001953125
2191,-0.11279296875
2192,-0.15625
2193,-0.01513671875
2194,0.2412109375
2195,-0.244140625
2196,-0.30078125
2197,-0.1533203125
2198,0.0098876953125
2199,0.236328125
2200,-0.033935546875
2201,0.033935546875
2202,-0.08984375
2203,0.26171875
2204,0.0126342773438
2205,-0.0272216796875
2206,0.0830078125
2207,0.1494140625
2208,0.1552734375
2209,0.26953125
2210,-0.08251953125
2211,0.076171875
2212,-0.12158203125
2213,0.21875
2214,-0.09619140625
2215,0.0498046875
2216,0.03857421875
2217,0.039306640625
2218,0.1318359375
2219,-0.17578125
2220,-0.043701171875
2221,-0.11181640625
2222,-0.189453125
2223,-0.166015625
2224,0.1416015625
2225,-0.08056640625
2226,-0.06787109375
2227,0.04296875
2228,0.361328125
2229,-0.0111083984375
2230,0.1728515625
2231,0.10302734375
2232,-0.302734375
2233,0.056396484375
2234,-0.05126953125
2235,0.095703125
2236,-0.051513671875
2237,0.0308837890625
2238,0.26953125
2239,-0.162109375
2240,0.1298828125
2241,-0.072265625
2242,0.09619140625
2243,-0.154296875
2244,0.169921875
2245,-0.05224609375
2246,0.058837890625
2247,0.1728515625
2248,-0.11328125
2249,0.2294921875
2250,0.1826171875
2251,0.08056640625
2252,-0.037841796875
2253,0.068359375
2254,-0.287109375
2255,-0.029052734375
2256,-0.279296875
2257,0.11962890625
2258,-0.01611328125
2259,0.08349609375
2260,-0.1328125
2261,0.06591796875
2262,0.1552734375
2263,-0.19140625
2264,0.09521484375
2265,-0.1572265625
2266,-0.05615234375
2267,-0.23828125
2268,-0.0306396484375
2269,-0.11962890625
2270,0.23046875
2271,-0.150390625
2272,0.1484375
2273,0.02783203125
2274,-0.275390625
2275,-0.031494140625
2276,-0.09228515625
2277,-0.115234375
2278,-0.2353515625
2279,-0.244140625
2280,-0.125
2281,-0.138671875
2282,-0.1875
2283,-0.10693359375
2284,0.12353515625
2285,0.062255859375
2286,0.1533203125
2287,-0.08203125
2288,-0.1259765625
2289,-0.203125
2290,-0.2001953125
2291,0.2431640625
2292,-0.119140625
2293,0.041259765625
2294,0.26171875
2295,0.00674438476562
2296,-0.5
2297,-0.027099609375
2298,-0.037841796875
2299,0.00103759765625
2300,0.1875
2301,-0.04736328125
2302,0.171875
2303,0.21875
2304,0.072265625
2305,0.049560546875
2306,0.049072265625
2307,-0.07421875
2308,0.0888671875
2309,0.251953125
2310,-0.232421875
2311,0.014892578125
2312,-0.1689453125
2313,0.2060546875
2314,0.1904296875
2315,-0.04736328125
2316,-0.0888671875
2317,-0.0478515625
2318,-0.2197265625
2319,0.2001953125
2320,-0.07421875
2321,0.267578125
2322,-0.1435546875
2323,-0.12255859375
2324,0.0281982421875
2325,0.25
2326,0.1240234375
2327,-0.23046875
2328,0.142578125
2329,-0.09326171875
2330,0.045166015625
2331,0.298828125
2332,-0.212890625
2333,0.2373046875
2334,0.0191650390625
2335,0.1494140625
2336,0.2265625
2337,0.00276184082031
2338,0.12158203125
2339,-0.1533203125
2340,0.1123046875
2341,-0.37109375
2342,0.138671875
2343,-0.478515625
2344,0.47265625
2345,0.1953125
2346,0.052978515625
2347,-0.021484375
2348,0.12890625
2349,-0.2392578125
2350,-0.203125
2351,0.39453125
2352,0.052734375
2353,-0.00303649902344
2354,-0.283203125
2355,-0.11572265625
2356,-0.10302734375
2357,0.00393676757812
2358,-0.1455078125
2359,-0.0228271484375
2360,0.08154296875
2361,0.0888671875
2362,0.00836181640625
2363,-0.041748046875
2364,0.09619140625
2365,-0.1064453125
2366,-0.09521484375
2367,0.11328125
2368,0.18359375
2369,-0.40234375
2370,-0.10595703125
2371,0.26953125
2372,0.080078125
2373,0.039794921875
2374,0.06396484375
2375,-0.1767578125
2376,-0.5703125
2377,-0.2109375
2378,-0.1220703125
2379,0.0264892578125
2380,-0.1923828125
2381,0.3046875
2382,0.22265625
2383,0.15234375
2384,0.173828125
2385,0.12890625
2386,0.19140625
2387,0.036865234375
2388,-0.123046875
2389,-0.314453125
2390,0.0830078125
2391,-0.057861328125
2392,-0.20703125
2393,-0.1181640625
2394,0.25390625
2395,-0.00138092041016
2396,0.546875
2397,0.0262451171875
2398,-0.33203125
2399,0.328125
2400,0.10595703125
2401,0.036376953125
2402,-0.030029296875
2403,0.11328125
2404,-0.1826171875
2405,0.14453125
2406,0.1025390625
2407,-0.034423828125
2408,0.287109375
2409,0.0986328125
2410,0.19140625
2411,-0.115234375
2412,-0.041259765625
2413,0.10302734375
2414,0.05615234375
2415,-0.1396484375
2416,-0.0247802734375
2417,-0.15234375
2418,0.1015625
2419,-0.062255859375
2420,0.052734375
2421,0.2333984375
2422,0.07275390625
2423,-0.1611328125
2424,0.173828125
2425,-0.2451171875
2426,-0.212890625
2427,0.055908203125
2428,0.30859375
2429,-0.16796875
2430,0.00460815429688
2431,-0.1845703125
2432,-0.01806640625
2433,-0.08447265625
2434,-0.09130859375
2435,0.09619140625
2436,0.353515625
2437,-0.1572265625
2438,0.087890625
2439,0.2333984375
2440,-0.0458984375
2441,0.06884765625
2442,0.10498046875
2443,-0.036865234375
2444,0.1572265625
2445,-0.05078125
2446,0.0262451171875
2447,-0.13671875
2448,0.2109375
2449,0.3046875
2450,0.0164794921875
2451,-0.0361328125
2452,-0.134765625
2453,-0.07958984375
2454,-0.022705078125
2455,-0.057373046875
2456,-0.41796875
2457,0.1572265625
2458,0.2451171875
2459,-0.09619140625
2460,0.11474609375
2461,0.2236328125
2462,0.021728515625
2463,-0.00921630859375
2464,0.058837890625
2465,-0.0250244140625
2466,0.208984375
2467,-0.11181640625
2468,-0.051513671875
2469,0.072265625
2470,0.0106811523438
2471,-0.000362396240234
2472,-0.0289306640625
2473,-0.1611328125
2474,-0.169921875
2475,0.1923828125
2476,0.1484375
2477,0.02587890625
2478,0.29296875
2479,0.0100708007812
2480,0.310546875
2481,0.0947265625
2482,0.095703125
2483,-0.0264892578125
2484,-0.08447265625
2485,0.22265625
2486,-0.10546875
2487,0.16796875
2488,0.1025390625
2489,-0.12060546875
2490,0.1318359375
2491,-0.09521484375
2492,0.1435546875
2493,-0.00680541992188
2494,0.11279296875
2495,-0.0439453125
2496,-0.00704956054688
2497,0.154296875
2498,0.0113525390625
2499,0.02294921875
2500,-0.06494140625
2501,-0.25
2502,-0.09619140625
2503,-0.2275390625
2504,0.12890625
2505,-0.2412109375
2506,0.048583984375
2507,-0.125
2508,0.076171875
2509,-0.3203125
2510,-0.3046875
2511,0.28125
2512,0.1044921875
2513,-0.255859375
2514,-0.2265625
2515,0.000415802001953
2516,-0.1337890625
2517,-0.1435546875
2518,-0.0198974609375
2519,0.59765625
2520,-0.09619140625
2521,0.1962890625
2522,-0.10498046875
2523,0.00543212890625
2524,-0.24609375
2525,-0.326171875
2526,-0.0274658203125
2527,-0.08154296875
2528,0.0869140625
2529,0.072265625
2530,-0.04833984375
2531,-0.203125
2532,-0.17578125
2533,-0.12255859375
2534,-0.337890625
2535,-0.033447265625
2536,0.09130859375
2537,-0.017333984375
2538,-0.041015625
2539,0.07666015625
2540,0.0986328125
2541,0.0771484375
2542,-0.018310546875
2543,0.1728515625
2544,-0.06591796875
2545,0.09619140625
2546,-0.00357055664062
2547,0.0654296875
2548,-0.19921875
2549,-0.158203125
2550,0.462890625
2551,-0.0125122070312
2552,0.0263671875
2553,-0.091796875
2554,0.029541015625
2555,0.1005859375
2556,-0.2216796875
2557,0.0118408203125
2558,0.11669921875
2559,-0.330078125
2560,0.05126953125
2561,-0.0164794921875
2562,0.034912109375
2563,-0.2158203125
2564,-0.3828125
2565,0.0115356445312
2566,0.09521484375
2567,-0.08935546875
2568,0.125
2569,0.138671875
2570,0.2275390625
2571,-0.0810546875
2572,-0.2734375
2573,-0.033447265625
2574,-0.373046875
2575,-0.2412109375
2576,0.2890625
2577,0.13671875
2578,0.0100708007812
2579,0.05419921875
2580,0.3671875
2581,0.036376953125
2582,-0.1015625
2583,-0.3046875
2584,-0.07568359375
2585,-0.07080078125
2586,0.1025390625
2587,0.326171875
2588,-0.00579833984375
2589,0.0673828125
2590,0.0164794921875
2591,0.057861328125
2592,-0.2392578125
2593,0.1708984375
2594,0.099609375
2595,-0.0654296875
2596,0.1376953125
2597,-0.07861328125
2598,-0.140625
2599,-0.185546875
2600,0.11474609375
2601,-0.05224609375
2602,-0.2099609375
2603,-0.056640625
2604,0.04736328125
2605,-0.1279296875
2606,0.09765625
2607,0.1708984375
2608,0.061279296875
2609,-0.41796875
2610,0.1875
2611,0.023681640625
2612,-0.000682830810547
2613,-0.0279541015625
2614,-0.01611328125
2615,-0.033935546875
2616,-0.09228515625
2617,-0.01708984375
2618,-0.26171875
2619,0.0869140625
2620,0.0830078125
2621,0.0439453125
2622,0.2275390625
2623,-0.0125122070312
2624,0.04443359375
2625,0.1044921875
2626,0.55859375
2627,-0.01904296875
2628,-0.111328125
2629,-0.05517578125
2630,-0.0302734375
2631,0.03662109375
2632,0.0186767578125
2633,0.0308837890625
2634,-0.119140625
2635,0.0111694335938
2636,-0.12158203125
2637,-0.076171875
2638,-0.1435546875
2639,0.1572265625
2640,0.205078125
2641,-0.052978515625
2642,-0.08447265625
2643,-0.33203125
2644,0.08935546875
2645,0.25
2646,0.05224609375
2647,-0.0576171875
2648,0.1357421875
2649,-0.026611328125
2650,0.234375
2651,0.037841796875
2652,-0.068359375
2653,-0.365234375
2654,0.326171875
2655,-0.140625
2656,-0.040771484375
2657,0.03466796875
2658,-0.1396484375
2659,-0.11572265625
2660,-0.228515625
2661,0.0196533203125
2662,-0.2275390625
2663,-0.349609375
2664,0.1591796875
2665,0.2490234375
2666,-0.1875
2667,0.1728515625
2668,-0.11328125
2669,-0.177734375
2670,-0.0274658203125
2671,0.1328125
2672,-0.03759765625
2673,0.2109375
2674,-0.1435546875
2675,0.0291748046875
2676,0.12353515625
2677,-0.0130004882812
2678,-0.03076171875
2679,0.10009765625
2680,0.057373046875
2681,-0.08837890625
2682,0.057861328125
2683,0.2109375
2684,0.035888671875
2685,-0.00634765625
2686,-0.05517578125
2687,0.040771484375
2688,-0.050537109375
2689,0.07177734375
2690,0.00787353515625
2691,-0.00872802734375
2692,-0.06396484375
2693,-0.1865234375
2694,-0.0498046875
2695,-0.01904296875
2696,-0.0255126953125
2697,-0.30078125
2698,0.1748046875
2699,0.0230712890625
2700,-0.04443359375
2701,-0.33984375
2702,0.458984375
2703,-0.2734375
2704,-0.1298828125
2705,-0.193359375
2706,0.026611328125
2707,-0.314453125
2708,0.0117797851562
2709,0.1376953125
2710,-0.390625
2711,-0.2197265625
2712,-0.04443359375
2713,0.1123046875
2714,-0.341796875
2715,-0.015625
2716,0.034912109375
2717,-0.2216796875
2718,-0.3828125
2719,-0.06787109375
2720,0.23046875
2721,-0.408203125
2722,-0.1103515625
2723,0.12060546875
2724,0.171875
2725,-0.2119140625
2726,0.09326171875
2727,0.205078125
2728,-0.095703125
2729,-0.039306640625
2730,-0.1201171875
2731,-0.328125
2732,-0.07080078125
2733,0.0087890625
2734,0.1435546875
2735,-0.0703125
2736,0.349609375
2737,-0.138671875
2738,0.0106201171875
2739,0.1982421875
2740,-0.083984375
2741,-0.240234375
2742,0.06591796875
2743,0.0703125
2744,-0.25390625
2745,-0.1123046875
2746,0.296875
2747,0.228515625
2748,-0.1357421875
2749,-0.11083984375
2750,-0.15625
2751,0.1103515625
2752,-0.064453125
2753,-0.201171875
2754,-0.1865234375
2755,0.07373046875
2756,0.18359375
2757,-0.060302734375
2758,-0.119140625
2759,-0.2158203125
2760,-0.10546875
2761,-0.0693359375
2762,0.07666015625
2763,0.1923828125
2764,-0.09521484375
2765,0.1611328125
2766,-0.0546875
2767,0.373046875
2768,-0.173828125
2769,-0.0108642578125
2770,-0.0419921875
2771,-0.13671875
2772,-0.08251953125
2773,-0.0111694335938
2774,0.1796875
2775,-0.1708984375
2776,0.23828125
2777,-0.361328125
2778,0.045654296875
2779,0.1962890625
2780,-0.0179443359375
2781,-0.0162353515625
2782,0.064453125
2783,0.06494140625
2784,-0.134765625
2785,-0.0269775390625
2786,-0.0673828125
2787,0.302734375
2788,0.27734375
2789,0.0181884765625
2790,0.181640625
2791,-0.045654296875
2792,0.1650390625
2793,-0.1484375
2794,-0.11474609375
2795,-0.333984375
2796,0.18359375
2797,0.00762939453125
2798,-0.162109375
2799,0.1064453125
2800,0.2578125
2801,-0.00631713867188
2802,0.0791015625
2803,0.017333984375
2804,0.05615234375
2805,0.056396484375
2806,0.11181640625
2807,0.20703125
2808,-0.283203125
2809,0.142578125
2810,-0.35546875
2811,0.059814453125
2812,-0.2392578125
2813,0.08935546875
2814,0.3125
2815,-0.076171875
2816,0.1318359375
2817,0.212890625
2818,-0.353515625
2819,0.1494140625
2820,-0.06982421875
2821,-0.0242919921875
2822,0.2734375
2823,-0.00386047363281
2824,-0.1171875
2825,-0.030517578125
2826,0.1591796875
2827,0.09716796875
2828,0.1669921875
2829,0.0380859375
2830,-0.26171875
2831,-0.259765625
2832,-0.0096435546875
2833,0.1142578125
2834,-0.408203125
2835,-0.3984375
2836,-0.000100612640381
2837,0.126953125
2838,-0.36328125
2839,-0.087890625
2840,-0.1181640625
2841,0.322265625
2842,-0.271484375
2843,0.0751953125
2844,-0.1796875
2845,-0.345703125
2846,-0.404296875
2847,0.0115356445312
2848,-0.11767578125
2849,-0.026611328125
2850,0.5625
2851,0.1953125
2852,-0.09375
2853,-0.189453125
2854,0.29296875
2855,0.0341796875
2856,-0.171875
2857,0.126953125
2858,0.0771484375
2859,0.09521484375
2860,0.080078125
2861,-0.057861328125
2862,0.1923828125
2863,-0.259765625
2864,-0.1103515625
2865,-0.10009765625
2866,0.1552734375
2867,-0.08154296875
2868,0.0849609375
2869,0.095703125
2870,0.04638671875
2871,0.052001953125
2872,0.049072265625
2873,0.09716796875
2874,0.1318359375
2875,-0.0458984375
2876,0.296875
2877,-0.1943359375
2878,0.0791015625
2879,0.028564453125
2880,-0.1728515625
2881,0.08154296875
2882,-0.039306640625
2883,-0.07080078125
2884,0.2265625
2885,0.08544921875
2886,0.11083984375
2887,0.21875
2888,-0.0869140625
2889,0.3359375
2890,0.0966796875
2891,0.142578125
2892,-0.04296875
2893,0.28125
2894,-0.1220703125
2895,0.12451171875
2896,-0.2109375
2897,-0.2578125
2898,0.1474609375
2899,0.14453125
2900,0.1318359375
2901,0.1474609375
2902,0.04541015625
2903,-0.37109375
2904,-0.07421875
2905,0.027587890625
2906,-0.09814453125
2907,0.158203125
2908,0.1962890625
2909,0.369140625
2910,0.357421875
2911,0.17578125
2912,0.142578125
2913,0.302734375
2914,-0.15234375
2915,0.52734375
2916,0.1640625
2917,0.1181640625
2918,-0.515625
2919,0.115234375
2920,-0.205078125
2921,-0.015380859375
2922,-0.04248046875
2923,0.08544921875
2924,0.1669921875
2925,0.051513671875
2926,0.48828125
2927,0.05517578125
2928,0.34765625
2929,0.0076904296875
2930,0.0615234375
2931,-0.0654296875
2932,-0.0908203125
2933,0.12353515625
2934,0.0830078125
2935,-0.404296875
2936,0.053466796875
2937,-0.265625
2938,0.15625
2939,-0.058349609375
2940,0.07958984375
2941,-0.119140625
2942,-0.087890625
2943,-0.3125
2944,0.006103515625
2945,0.10302734375
2946,-0.484375
2947,-0.051025390625
2948,0.0284423828125
2949,-0.53515625
2950,0.18359375
2951,-0.0673828125
2952,-0.2255859375
2953,-0.23828125
2954,0.21484375
2955,-0.11474609375
2956,0.361328125
2957,-0.03515625
2958,0.201171875
2959,-0.119140625
2960,-0.22265625
2961,0.16015625
2962,0.1865234375
2963,-0.169921875
2964,-0.048583984375
2965,-0.1201171875
2966,0.033935546875
2967,0.058349609375
2968,0.09912109375
2969,-0.5625
2970,0.1669921875
2971,-0.2734375
2972,0.0986328125
2973,0.19140625
2974,0.130859375
2975,0.033447265625
2976,-0.43359375
2977,-0.0121459960938
2978,-0.1943359375
2979,0.298828125
2980,0.1337890625
2981,0.224609375
2982,0.23828125
2983,0.451171875
2984,-0.265625
2985,0.10791015625
2986,-0.18359375
2987,-0.06201171875
2988,-0.0142211914062
2989,0.05810546875
2990,0.03857421875
2991,-0.1318359375
2992,0.2041015625
2993,0.068359375
2994,0.0712890625
2995,0.055419921875
2996,-0.0201416015625
2997,-0.365234375
2998,0.1650390625
2999,-0.1533203125
3000,0.1923828125
3001,-0.0089111328125
3002,0.05908203125
3003,0.00381469726562
3004,-0.1865234375
3005,0.10498046875
3006,0.2021484375
3007,-0.02392578125
3008,0.2734375
3009,0.31640625
3010,0.37109375
3011,-0.095703125
3012,0.08984375
3013,0.2255859375
3014,0.0057373046875
3015,0.2041015625
3016,-0.03271484375
3017,-0.2177734375
3018,-0.1708984375
3019,0.051513671875
3020,0.07373046875
3021,-0.0703125
3022,0.201171875
3023,0.0101318359375
3024,0.1630859375
3025,-0.2109375
3026,-0.1279296875
3027,0.1865234375
3028,0.11865234375
3029,0.1005859375
3030,0.041015625
3031,-0.162109375
3032,-0.0380859375
3033,0.09814453125
3034,0.0260009765625
3035,0.1494140625
3036,0.1572265625
3037,-0.054443359375
3038,-0.162109375
3039,0.04345703125
3040,-0.1611328125
3041,-0.1376953125
3042,0.1884765625
3043,-0.00546264648438
3044,-0.0245361328125
3045,-0.017333984375
3046,-0.205078125
3047,-0.1337890625
3048,-0.09228515625
3049,0.234375
3050,0.07470703125
3051,-0.134765625
3052,-0.29296875
3053,0.08544921875
3054,0.138671875
3055,0.1884765625
3056,-0.2236328125
3057,-0.027099609375
3058,0.1708984375
3059,-0.2099609375
3060,-0.2294921875
3061,-0.05224609375
3062,0.0220947265625
3063,-0.134765625
3064,0.09326171875
3065,-0.050048828125
3066,0.279296875
3067,0.060302734375
3068,0.023193359375
3069,-0.09033203125
3070,-0.1943359375
3071,0.0242919921875
3072,0.201171875
3073,-0.054931640625
3074,0.10302734375
3075,0.107421875
3076,-0.126953125
3077,-0.029052734375
3078,-0.06591796875
3079,-0.055419921875
3080,0.1962890625
3081,-0.0140380859375
3082,0.0216064453125
3083,-0.2734375
3084,0.011962890625
3085,0.0137329101562
3086,0.13671875
3087,0.0177001953125
3088,0.16015625
3089,-0.1044921875
3090,0.30078125
3091,-0.080078125
3092,-0.232421875
3093,-0.0234375
3094,0.212890625
3095,0.0203857421875
3096,0.10498046875
3097,0.32421875
3098,0.00289916992188
3099,-0.26953125
3100,-0.1455078125
3101,-0.0301513671875
3102,0.267578125
3103,-0.111328125
3104,0.10302734375
3105,-0.1591796875
3106,0.00958251953125
3107,0.00306701660156
3108,-0.0869140625
3109,-0.0131225585938
3110,-0.26953125
3111,0.09716796875
3112,0.0089111328125
3113,-0.150390625
3114,-0.12255859375
3115,-0.05322265625
3116,-0.197265625
3117,-0.126953125
3118,0.08642578125
3119,0.234375
3120,0.169921875
3121,0.1875
3122,-0.00382995605469
3123,-0.0220947265625
3124,0.0114135742188
3125,-0.1005859375
3126,-0.162109375
3127,-0.1484375
3128,0.072265625
3129,0.28125
3130,-0.00194549560547
3131,0.0235595703125
3132,-0.267578125
3133,-0.1123046875
3134,0.298828125
3135,0.126953125
3136,0.06982421875
3137,-0.1357421875
3138,-0.1298828125
3139,0.11572265625
3140,0.185546875
3141,0.0693359375
3142,0.1904296875
3143,0.1435546875
3144,-0.06494140625
3145,0.041259765625
3146,0.255859375
3147,-0.1103515625
3148,-0.2080078125
3149,-0.01708984375
3150,0.314453125
3151,0.10498046875
3152,-0.07080078125
3153,0.00772094726562
3154,0.041748046875
3155,0.224609375
3156,-0.0849609375
3157,-0.0054931640625
3158,0.1513671875
3159,-0.1142578125
3160,-0.185546875
3161,-0.2314453125
3162,0.046630859375
3163,0.1455078125
3164,-0.02392578125
3165,0.171875
3166,0.27734375
3167,0.06689453125
3168,0.154296875
3169,-0.041015625
3170,0.0947265625
3171,0.1416015625
3172,-0.1728515625
3173,-0.2421875
3174,-0.0673828125
3175,-0.46484375
3176,0.2021484375
3177,0.09423828125
3178,-0.1611328125
3179,-0.1689453125
3180,0.15234375
3181,0.27734375
3182,-0.0130615234375
3183,-0.376953125
3184,-0.341796875
3185,-0.10009765625
3186,0.03173828125
3187,-0.04931640625
3188,-0.12255859375
3189,0.08251953125
3190,0.059814453125
3191,0.1494140625
3192,-0.12158203125
3193,-0.06298828125
3194,0.1416015625
3195,0.0556640625
3196,-0.03515625
3197,-0.0859375
3198,-0.1923828125
3199,0.02392578125
3200,0.255859375
3201,0.150390625
3202,-0.1591796875
3203,-0.447265625
3204,0.1611328125
3205,0.031005859375
3206,-0.0712890625
3207,0.06884765625
3208,0.0286865234375
3209,0.0238037109375
3210,0.177734375
3211,0.1923828125
3212,-0.07568359375
3213,-0.076171875
3214,-0.162109375
3215,0.13671875
3216,0.33984375
3217,-0.08447265625
3218,-0.1787109375
3219,-0.0419921875
3220,0.1806640625
3221,0.1181640625
3222,0.022705078125
3223,0.177734375
3224,-0.0238037109375
3225,0.083984375
3226,0.287109375
3227,0.486328125
3228,0.1572265625
3229,-0.15234375
3230,0.1318359375
3231,-0.043212890625
3232,-0.1181640625
3233,-0.0712890625
3234,0.040771484375
3235,0.0101928710938
3236,-0.0302734375
3237,0.23046875
3238,-0.052734375
3239,-0.279296875
3240,0.310546875
3241,-0.091796875
3242,-0.1337890625
3243,-0.283203125
3244,0.154296875
3245,-0.032958984375
3246,0.0439453125
3247,-0.357421875
3248,0.2578125
3249,0.1513671875
3250,0.228515625
3251,-0.021484375
3252,0.038330078125
3253,-0.255859375
3254,-0.181640625
3255,0.10498046875
3256,-0.2197265625
3257,-0.054931640625
3258,-0.2578125
3259,-0.275390625
3260,-0.1796875
3261,-0.060546875
3262,-0.0230712890625
3263,-0.248046875
3264,0.42578125
3265,0.5234375
3266,0.02734375
3267,0.2412109375
3268,-0.259765625
3269,-0.3359375
3270,0.125
3271,0.1533203125
3272,0.04296875
3273,0.2060546875
3274,0.1376953125
3275,-0.26953125
3276,-0.0966796875
3277,-0.052001953125
3278,0.2412109375
3279,-0.08447265625
3280,0.00288391113281
3281,-0.06591796875
3282,-0.0281982421875
3283,-0.16796875
3284,-0.0634765625
3285,-0.193359375
3286,0.0172119140625
3287,-0.08056640625
3288,-0.00527954101562
3289,-0.032958984375
3290,0.09375
3291,0.037353515625
3292,0.057861328125
3293,-0.09375
3294,-0.091796875
3295,-0.185546875
3296,0.08642578125
3297,-0.232421875
3298,0.1669921875
3299,0.00239562988281
